INSERT INTO dealer (CNPJ, NAME, EMAIL, MOBILE_PHONE, LANDLINE_PHONE, COUNTRY_ID, COUNTRY_DESC, STATE_ID, STATE_DESC, CITY_ID, CITY_DESC, STREET, NUMBER, ACTIVE, PASSWORD, AUDIT_CREATION_DATE, AUDIT_LAST_UPDATE_DATE)
VALUES ('89471892000112', 'Dealer 3', 'dealer3@example.com', '5551999999999', '555130000000', 76, 'Brasil', 43, 'Rio Grande do Sul', 4311403, 'Lajeado', 'Av. Bento Gonçalves', 123, 1, '$2a$10$pIoi/ofhH04RNiOTf40J1OXGnJGTirH8LmYrfKrKlujzd7VEvUbkW', '2023-10-01 08:30:00', '2023-10-01 08:30:00');
INSERT INTO dealer (CNPJ, NAME, EMAIL, MOBILE_PHONE, LANDLINE_PHONE, COUNTRY_ID, COUNTRY_DESC, STATE_ID, STATE_DESC, CITY_ID, CITY_DESC, STREET, NUMBER, ACTIVE, PASSWORD, AUDIT_CREATION_DATE, AUDIT_LAST_UPDATE_DATE)
VALUES ('56171997000105', 'Dealer 4', 'dealer4@example.com', '5551888888888', '555133333333', 76, 'Brasil', 43, 'Rio Grande do Sul', 4311403, 'Lajeado', 'Av. Bento Gonçalves', 123, 1, '$2a$10$pIoi/ofhH04RNiOTf40J1OXGnJGTirH8LmYrfKrKlujzd7VEvUbkW', '2023-10-01 08:30:00', '2023-10-01 08:30:00');


INSERT INTO product_type (TYPE, TRANSLATION_PT, TRANSLATION_EN, TRANSLATION_ES)
VALUES ('HF', 'Forrageiras', 'Forages', 'Forrajeras');


INSERT INTO stock (CHASSIS_NUMBER, MODEL, COMMERCIAL_SERIES, ITEM_CODE, DEALER, STATUS, AUDIT_CREATION_DATE, AUDIT_LAST_UPDATE_DATE, TYPE)
VALUES ('22222BBBBB33333CCC', 'MOD123', 'SER123', 'ITCD123', '89471892000112', 1, '2024-11-15 12:00:41', '2024-11-25 23:49:09', 'HF');
INSERT INTO stock (CHASSIS_NUMBER, MODEL, COMMERCIAL_SERIES, ITEM_CODE, DEALER, STATUS, AUDIT_CREATION_DATE, AUDIT_LAST_UPDATE_DATE, TYPE)
VALUES ('33333CCCCC44444DDD', 'MOD123', 'SER123', 'ITCD123', '89471892000112', 2, '2024-11-15 12:00:41', '2024-11-27 13:48:46', 'HF');
INSERT INTO stock (CHASSIS_NUMBER, MODEL, COMMERCIAL_SERIES, ITEM_CODE, DEALER, STATUS, AUDIT_CREATION_DATE, AUDIT_LAST_UPDATE_DATE, TYPE)
VALUES ('44444DDDDD55555EEE', 'MOD123', 'SER123', 'ITCD123', '56171997000105', 1, '2024-11-15 12:00:41', '2024-11-27 13:48:46', 'HF');


INSERT INTO invoice (NUMBER, SERIES, OPERATION_TYPE, DEALER, INVOICE_VALUE, DEALER_TO_TRANSFER, CUSTOMER_DOCUMENT_TYPE, CUSTOMER_LEGAL_NUMBER, CUSTOMER_NAME, CUSTOMER_COUNTRY, CUSTOMER_STATE, CUSTOMER_CITY, AUDIT_CREATION_DATE, AUDIT_LAST_UPDATE_DATE, CURRENCY, EMISSION_DATE, CUSTOMER_COUNTRY_ID, CUSTOMER_STATE_ID, CUSTOMER_CITY_ID, CUSTOMER_ADDRESS, CUSTOMER_ADDRESS_COMPLEMENT)
VALUES ('555', '555', 1, '89471892000112', 333.33, null, 'CPF', '89755885056', 'Test', 'Brasil', 'Alagoas', 'Anadia', '2024-11-27 13:48:46', '2024-11-27 13:48:46', 'USD', '2024-11-27 00:00:00', 76, 27, 2700201, 'Rua ABC', 'AP 999');
INSERT INTO invoice (NUMBER, SERIES, OPERATION_TYPE, DEALER, INVOICE_VALUE, DEALER_TO_TRANSFER, CUSTOMER_DOCUMENT_TYPE, CUSTOMER_LEGAL_NUMBER, CUSTOMER_NAME, CUSTOMER_COUNTRY, CUSTOMER_STATE, CUSTOMER_CITY, AUDIT_CREATION_DATE, AUDIT_LAST_UPDATE_DATE, CURRENCY, EMISSION_DATE, CUSTOMER_COUNTRY_ID, CUSTOMER_STATE_ID, CUSTOMER_CITY_ID, CUSTOMER_ADDRESS, CUSTOMER_ADDRESS_COMPLEMENT)
VALUES ('666', '666', 1, '89471892000112', 333.33, null, 'CPF', '89755885056', 'Test', 'Brasil', 'Alagoas', 'Anadia', '2024-11-27 13:48:46', '2024-11-27 13:48:46', 'USD', '2024-11-27 00:00:00', 76, 27, 2700201, 'Rua ABC', 'AP 999');
INSERT INTO invoice (NUMBER, SERIES, OPERATION_TYPE, DEALER, INVOICE_VALUE, DEALER_TO_TRANSFER, CUSTOMER_DOCUMENT_TYPE, CUSTOMER_LEGAL_NUMBER, CUSTOMER_NAME, CUSTOMER_COUNTRY, CUSTOMER_STATE, CUSTOMER_CITY, AUDIT_CREATION_DATE, AUDIT_LAST_UPDATE_DATE, CURRENCY, EMISSION_DATE, CUSTOMER_COUNTRY_ID, CUSTOMER_STATE_ID, CUSTOMER_CITY_ID, CUSTOMER_ADDRESS, CUSTOMER_ADDRESS_COMPLEMENT)
VALUES ('777', '777', 2, '89471892000112', 333.33, null, 'CPF', '89755885056', 'Test', 'Brasil', 'Alagoas', 'Anadia', '2024-11-27 13:48:46', '2024-11-27 13:48:46', 'USD', '2024-11-28 00:00:00', 76, 27, 2700201, 'Rua ABC', 'AP 999');
INSERT INTO invoice (NUMBER, SERIES, OPERATION_TYPE, DEALER, INVOICE_VALUE, DEALER_TO_TRANSFER, CUSTOMER_DOCUMENT_TYPE, CUSTOMER_LEGAL_NUMBER, CUSTOMER_NAME, CUSTOMER_COUNTRY, CUSTOMER_STATE, CUSTOMER_CITY, AUDIT_CREATION_DATE, AUDIT_LAST_UPDATE_DATE, CURRENCY, EMISSION_DATE, CUSTOMER_COUNTRY_ID, CUSTOMER_STATE_ID, CUSTOMER_CITY_ID, CUSTOMER_ADDRESS, CUSTOMER_ADDRESS_COMPLEMENT)
VALUES ('888', '888', 3, '89471892000112', 333.33, '56171997000105', null, null, null, null, null, null, '2024-11-27 13:48:46', '2024-11-27 13:48:46', 'USD', '2024-11-27 00:00:00', null, null, null, null, null);


INSERT INTO item (CHASSIS_NUMBER, NUMBER, SERIES, OPERATION_TYPE, DEALER, AUDIT_CREATION_DATE, AUDIT_LAST_UPDATE_DATE)
VALUES ('22222BBBBB33333CCC', '555', '555', 1, '89471892000112', '2024-11-27 13:48:46', '2024-11-27 13:48:46');
INSERT INTO item (CHASSIS_NUMBER, NUMBER, SERIES, OPERATION_TYPE, DEALER, AUDIT_CREATION_DATE, AUDIT_LAST_UPDATE_DATE)
VALUES ('33333CCCCC44444DDD', '666', '666', 1, '89471892000112', '2024-11-27 13:48:46', '2024-11-27 13:48:46');
INSERT INTO item (CHASSIS_NUMBER, NUMBER, SERIES, OPERATION_TYPE, DEALER, AUDIT_CREATION_DATE, AUDIT_LAST_UPDATE_DATE)
VALUES ('33333CCCCC44444DDD', '777', '777', 2, '89471892000112', '2024-11-27 13:48:46', '2024-11-27 13:48:46');
INSERT INTO item (CHASSIS_NUMBER, NUMBER, SERIES, OPERATION_TYPE, DEALER, AUDIT_CREATION_DATE, AUDIT_LAST_UPDATE_DATE)
VALUES ('44444DDDDD55555EEE', '888', '888', 3, '89471892000112', '2024-11-27 13:48:46', '2024-11-27 13:48:46');
